ID,Removed Account
425,Moonwalk Biosciences
435,No Charge Project
438,UCSC - Sher
439,Carbide Radio Inc.
446,gpitner@tsmc.com
448,Acorn Semi
467,Origen Hydrogen
476,UCSF-Roy
478,Exponent
486,NTT Research
494,Q PIXEL
501,Four Dimensional Storage
506,Honda Research Institute
511,NP-EE 17N: Engineering the Micro and Nano Worlds: From Chips to Genes
513,NP-BIOE 261: 3D Bioprinting Laboratory
515,NP-MATSCI 10: Materials Matter
516,NP-MATSCI 321: Transmission Electron Microscopy
519,NP-ENGR 241: Advanced Micro and Nano Fabrication Laboratory
523,NP-MATSCI 320: Nanocharacterization of Materials
526,NP-MATSCI 121: Edible Materials: The science of texture
527,NP-AA 190: Directed Research and Writing in Aero/Astro
531,NP-MATSCI 160/170 - Nanomaterials Design
532,NP-DESIGN 242: Wild Ways of Making
533,NP-APPPHYS 189: Physical Analysis of Artworks (ARCHLGY 189)
535,NP-OTOHNS 204: Biology and Physics of Hearing
541,Natron Energy
556,Sandia National Lab - Sharpe
568,NP-CHEMTeachingLab
569,NP-CHEMENG 185B: Chemical Engineering Laboratory B
577,Colorado School of Mines
579,Roche
583,Pentagon Technologies
587,UC Berkeley - Yang
588,Montana State University
592,NovaSolix - Preston
593,UC Davis - Leite
598,Flux Photonics
611,Pacific Biosciences of California
614,Univerity of Wisconsin-Milwaukee - Rohatgi
615,Ammobia Inc.
627,Axiome Biosciences
638,XMEMS
639,NP-Experiential Learning Program Administration
651,Anthro Energy
657,UC Berkeley - Sipahigil
,Airan
,Amieva
,Beachy
,Boehm
,Coleman
,Demirci
,Felsher
,Follmer
,Gaffney
,Geballe
,Grant
,Irwin
,Jacobs-Wagner
,Jerby
,Joonhee
,Khosla
,Le
,Lindenberg
,Mabuchi
,Meister
,Monolith Materials
,NP- Carlson
,NP- Chen
,NP- Gray
,NP- Hamner
,NP- Le
,NP- Medved
,NP- Sibug
,NP- Tang
,NP-Cramar
,NP-ENGR 50E: Introduction to Materials Science
,NP-EPS 216: An Introduction to Quantitative X-ray Microanalysis (GEOPHYS 236
,NP-Gupta
,NP-Kurinsky
,NP-Lee
,NP-Lenardo
,NP-Murphy
,NP-Partridge
,NP-Sakdinawat
,NP-Tang
,NP-Tobias-Toralba
,NP-Weker
,Nanni
,Nolan
,Okamura
,Sakovsky
,Sanulli
,Swartz
,Torok
,Trivedi
,Wernig
